<?xml version="1.0" encoding="UTF-8"?>
<!--
    GLOBALNE:
    $$20 - Filmweb ID
    $$18 - TMDb ID
    $$17 - Tytuł polski
    $$16 - Tytuł oryginalny z przedrostkiem z przodu.
    $$15 - Rok
    $$11 - URL do filmu
!-->
<scraper framework="1.1" date="2020-02-11">
    
    <!-- Sprawdza plik NFO !-->
    <NfoUrl dest="3">
        <RegExp conditional="NFOUrl" input="$$1" output="&lt;url&gt;http://www.filmweb.pl/\1&lt;/url&gt;" dest="3">
            <expression>filmweb.pl/((film/)?([-a-zA-Z0-9@:%\._\+~#=\?]+))</expression>
        </RegExp>
        <RegExp conditional="NFOUrl" input="$$1" output="&lt;url cache=&quot;filmweb-\1&quot;&gt;http://www.filmweb.pl/Film?id=\1&lt;/url&gt;" dest="3">
            <expression>^([0-9]+)$</expression>
        </RegExp>
    </NfoUrl>
    
    <!-- Tworzy adres URL wyszukiwania !-->
    <CreateSearchUrl dest="3">
        <RegExp conditional="!SearchAlt" input="$$1" output="&lt;url&gt;http://www.filmweb.pl/films/search?endYear=$$2&amp;q=\1&amp;startYear=$$2&lt;/url&gt;" dest="3">
            <expression />
        </RegExp>
		<!-- Alternatywna wyszukiwarka !-->
		<RegExp conditional="SearchAlt" input="$$1" output="&lt;url&gt;http://www.filmweb.pl/search/live?q=%22\1%22%20$$2&lt;/url&gt;" dest="3">
            <expression />
        </RegExp>
    </CreateSearchUrl>
    
    <!-- Tworzy adresy URL dla znalezionych pozycji !-->
    <GetSearchResults dest="8">
        <RegExp input="$$5" output="&lt;results sorted=&quot;yes&quot;&gt;\1&lt;/results&gt;" dest="8">
			<RegExp conditional="!SearchAlt" input="$$1" output="&lt;entity&gt;&lt;title&gt;\2\6\5\6\4&lt;/title&gt;&lt;year&gt;\7\8&lt;/year&gt;&lt;url&gt;https://www.filmweb.pl\1&lt;/url&gt;&lt;/entity&gt;" dest="5">
				<expression fixchars="2,4" noclean="2,4,6" repeat="yes">preview__link&quot; href=&quot;([^&quot;;]+)&quot;&gt;([^&lt;]+)(.*?preview__originalTitle&quot;&gt;([^&lt;]+)&lt;([^*])div&gt;&lt;div([^*])class=&quot;preview__year&quot;.*?&gt;([0-9]+)&lt;|.*?preview__year&quot;.*?&gt;([0-9]+))</expression>
			</RegExp>
			<!-- Alternatywna wyszukiwarka !-->
			<RegExp conditional="SearchAlt" input="$$1" output="&lt;entity&gt;&lt;title&gt;\3 / \2&lt;/title&gt;&lt;year&gt;\4&lt;/year&gt;&lt;url&gt;http://www.filmweb.pl/Film?id=\1&lt;/url&gt;&lt;/entity&gt;" dest="5">
				<expression repeat="yes" fixchars="2,3" trim="2,3">f\\c([0-9]+)\\[^\\]+\\c([^\\]+)\\c([^\\]+)\\c[^\\]+\\c([0-9]+)\\c</expression>
			</RegExp>
            <expression noclean="1" />
        </RegExp>
    </GetSearchResults>
    
    <!-- Pobiera podstawowe informacje !-->
    <GetDetails clearbuffers="no" dest="3">
        <RegExp input="$$5" output="&lt;details&gt;\1&lt;/details&gt;" dest="3">
            
            <!-- FILMWEB ID !-->
            <RegExp input="$$20" output="&lt;id_filmweb&gt;\1&lt;/id_filmweb&gt;" dest="5">
                <RegExp input="$$1" output="\1" dest="20">
                    <expression>sasKeywordAdd\(&quot;filmId&quot;,([0-9]*)\)</expression>
                </RegExp>
                <RegExp input="$$1" output="\1" dest="20">
                    <expression>data-film-id=&quot;([0-9]*)&quot;</expression>
                </RegExp>
                <expression />
            </RegExp>
            
            <!-- FILMWEB URL !-->
            <RegExp input="$$1" output="\1" dest="11">
                <expression>og:url&quot; content=&quot;([^&quot;]+)&quot;</expression>
            </RegExp>
            
            <!-- TITLE !-->
            <RegExp input="$$6" output="\1" dest="5+">
                <RegExp input="$$1" output="\1" dest="17">
                    <expression fixchars="1">filmCoverSection__title--large&quot; itemprop=&quot;name&quot;&gt;([^&lt;]+)&lt;</expression>
                </RegExp>
                <RegExp input="$$1" output="\1" dest="17">
                    <expression fixchars="1">filmCoverSection__title &quot; itemprop=&quot;name&quot;&gt;([^&lt;]+)&lt;</expression>
                </RegExp>
                <RegExp conditional="!UseOriginalTitle" input="$$17" output="&lt;title&gt;\1&lt;/title&gt;" dest="6">
                    <expression />
                </RegExp>
                <RegExp conditional="UseOriginalTitle" input="$$17" output="&lt;originaltitle&gt;\1&lt;/originaltitle&gt;" dest="6">
                    <expression />
                </RegExp>
                <expression noclean="1" />
            </RegExp>
            
            <!-- ORIGINALTITLE !-->
            <RegExp input="$$6" output="\1" dest="5+">
                <RegExp input="$$17" output="\1" dest="16">
                    <expression />
                </RegExp>
                <RegExp input="$$1" output="\1" dest="16">
                    <expression fixchars="1">filmCoverSection__originalTitle&quot;&gt;([^&lt;]+)&lt;</expression>
                </RegExp>
                <RegExp conditional="!UseOriginalTitle" input="$$16" output="&lt;originaltitle&gt;\1&lt;/originaltitle&gt;" dest="6">
                    <expression />
                </RegExp>
                <RegExp conditional="UseOriginalTitle" input="$$16" output="&lt;title&gt;\1&lt;/title&gt;" dest="6">
                    <expression />
                </RegExp>
                <expression noclean="1" />
            </RegExp>

            <!-- YEAR !-->
            <RegExp input="$$15" output="&lt;year&gt;\1&lt;/year&gt;" dest="5+">
                <RegExp input="$$1" output="\1" dest="15">
                    <expression>filmCoverSection__year&quot;&gt;([0-9]+)&lt;</expression>
                </RegExp>
                <RegExp input="$$1" output="\1" dest="15">
                    <expression>sasKeywordAdd\(&quot;filmYear&quot;,&quot;([0-9]+)&quot;\)</expression>
                </RegExp>
                <expression />
            </RegExp>
            
            <!-- TMDbSearch - Wyszukuje TMDbID !-->
            <RegExp input="$$16" output="&lt;url function=&quot;TMDbSearchByOriginalTitle&quot;&gt;http://api.themoviedb.org/3/search/movie?api_key=1009b5cde25c7b0692d51a7db6e49cbd&amp;query=\1&amp;year=$$15&lt;/url&gt;" dest="5+">
                <expression encode="1" />
            </RegExp>
            <expression noclean="1" />
        </RegExp>
    </GetDetails>
    
    <!-- Wyszukuje TMDb ID po oryginalnym tytule !-->
    <TMDbSearchByOriginalTitle clearbuffers="no" dest="3">
        <!-- Zapisuje TMDb ID do $$18 !-->
        <RegExp input="$$5" output="&lt;details&gt;\1&lt;/details&gt;" dest="3">
            
            <!-- Wyszukuje TMDb ID po polskim tytule jeśli nie znaleziono po oryginalnym !-->
            <RegExp input="$$17" output="&lt;url function=&quot;TMDbSearchByPolishTitle&quot;&gt;http://api.themoviedb.org/3/search/movie?api_key=1009b5cde25c7b0692d51a7db6e49cbd&amp;query=\1&amp;year=$$15&lt;/url&gt;" dest="5">
                <expression encode="1" />
            </RegExp>
            
            <RegExp input="$$18" output="&lt;url cache=&quot;filmweb-$$20&quot; function=&quot;GetDetailsExtended&quot;&gt;http://www.filmweb.pl/Film?id=$$20&lt;/url&gt;" dest="5">
                <!-- Zapisuje TMDb ID do $$18 !-->
                <RegExp input="$$1" output="\1" dest="18">
                    <expression clear="yes">&quot;id&quot;:([0-9]+),&quot;</expression>
                </RegExp>
                <expression>(.+)</expression>
            </RegExp>
            
            <expression noclean="1" />
        </RegExp>
    </TMDbSearchByOriginalTitle>
    
    <!-- Wyszukuje TMDb ID po polskim tytule !-->
    <TMDbSearchByPolishTitle clearbuffers="no" dest="3">
        <!-- Zapisuje TMDb ID do $$18 !-->
        <RegExp input="$$1" output="\1" dest="18">
            <expression clear="yes">&quot;id&quot;:([0-9]+),&quot;</expression>
        </RegExp>
        <RegExp input="" output="&lt;details&gt;&lt;url cache=&quot;filmweb-$$20&quot; function=&quot;GetDetailsExtended&quot;&gt;http://www.filmweb.pl/Film?id=$$20&lt;/url&gt;&lt;/details&gt;" dest="3">
            <expression />
        </RegExp>
    </TMDbSearchByPolishTitle>
    
    <!-- Pobiera pozostałe informacje !-->
    <GetDetailsExtended clearbuffers="no" dest="3">
        <RegExp input="$$5" output="&lt;details&gt;\1&lt;/details&gt;" dest="3">
            
            <!-- Szukaj IMDb ID !-->
            <RegExp input="$$18" output="&lt;url cache=&quot;tmdb-$INFO[language]-\1.json&quot; function=&quot;TMDbIDtoIMDbID&quot;&gt;http://api.themoviedb.org/3/movie/\1?api_key=1009b5cde25c7b0692d51a7db6e49cbd&amp;language=$INFO[language]&lt;/url&gt;" dest="5">
                <expression clear="yes">(.+)</expression>
            </RegExp>
            
            <!-- TRAILER -->
            <RegExp conditional="GetTrailer" input="$$6" output="\1" dest="5+">
                <!-- TMDB TRAILER !-->
                <RegExp input="$$18" output="&lt;chain function=&quot;GetTMDBTrailerByIdChain&quot;&gt;\1::$INFO[language]&lt;/chain&gt;" dest="6">
                    <expression clear="yes">(.+)</expression>
                </RegExp>
                <!-- FILMWEB TRAILER !-->
                <RegExp input="$$1" output="&lt;url function=&quot;TRAILER&quot;&gt;http://www.filmweb.pl\1&lt;/url&gt;" dest="6">
                    <expression>itemprop=&quot;trailer&quot;?.+itemprop=&quot;url&quot; href=&quot;([^&quot;]+)</expression>
                </RegExp>
                <expression noclean="1" />
            </RegExp>
            
            <!-- DIRECTOR !-->
            <RegExp input="$$6" output="\1" dest="5+">
                <!-- TMDB DIRECTOR !-->
                <RegExp input="$$18" output="&lt;chain function=&quot;GetTMDBDirectorsByIdChain&quot;&gt;\1&lt;/chain&gt;" dest="6">
                    <expression clear="yes">(.+)</expression>
                </RegExp>
                <!-- FILMWEB DIRECTOR !-->
                <RegExp input="$$1" output="&lt;director&gt;\1&lt;/director&gt;" dest="6">
                    <expression repeat="yes" fixchars="1">title=&quot;([^&quot;]+)&quot; itemprop=&quot;director&quot;</expression>
                </RegExp>
                <expression noclean="1">(.+)</expression>
            </RegExp>
            
            <!-- WRITER (CREDITS) !-->
            <RegExp input="$$6" output="\1" dest="5+">
                <!-- TMDB WRITER !-->
                <RegExp input="$$18" output="&lt;chain function=&quot;GetTMDBWitersByIdChain&quot;&gt;\1&lt;/chain&gt;" dest="6">
                    <expression clear="yes">(.+)</expression>
                </RegExp>
                <!-- FILMWEB WRITER !-->
                <RegExp input="$$1" output="&lt;credits&gt;\1&lt;/credits&gt;" dest="6">
                    <expression repeat="yes" fixchars="1">title=&quot;([^&quot;]+)&quot; itemprop=&quot;creator&quot;</expression>
                </RegExp>
                <expression noclean="1">(.+)</expression>
            </RegExp>
            
            <!-- GENRES !-->
            <RegExp input="$$6" output="\1" dest="5+">
                <!-- TMDB GENRES !-->
                <RegExp input="$$18" output="&lt;chain function=&quot;GetTMDBGenresByIdChain&quot;&gt;\1::$INFO[language]&lt;/chain&gt;" dest="6">
                    <expression clear="yes">(.+)</expression>
                </RegExp>
                <!-- FILMWEB GENRES !-->
                <RegExp conditional="!GetAlwaysTMDbGenre" input="$$1"output="&lt;genre&gt;\1&lt;/genre&gt;" dest="6">
                    <expression repeat="yes" fixchars="1">sasKeywordAdd\(&quot;g&quot;,&quot;([^&quot;]+)&quot;</expression>
                </RegExp>
                <expression noclean="1">(.+)</expression>
            </RegExp>
      
            <!-- TAGLINE !-->
            <RegExp input="$$6" output="\1" dest="5+">
                <!-- TMDB TAGLINE !-->
                <RegExp input="$$18" output="&lt;chain function=&quot;GetTMDBTaglineByIdChain&quot;&gt;\1::$INFO[language]&lt;/chain&gt;" dest="6">
                    <expression clear="yes">(.+)</expression>
                </RegExp>
                <!-- FILMWEB TAGLINE !-->
                <RegExp input="$$7" output="&lt;tagline&gt;\1&lt;/tagline&gt;" dest="6">
                    <RegExp input="$$1" output="\1" dest="7">
                        <expression clear="yes" fixchars="1">reviewBox__title[^&gt;]+&gt; &lt;span&gt;([^&lt;]+)&lt;\/span</expression>
                    </RegExp>                    
                    <expression>(.+)</expression>
                </RegExp>
                <expression noclean="1">(.+)</expression>
            </RegExp>

            <!-- RATING !-->
            <RegExp input="$$6" output="\1" dest="5+">
                <!-- TMDB RATING !-->
                <RegExp input="$$18" output="&lt;chain function=&quot;GetTMDBRatingByIdChain&quot;&gt;\1::$INFO[language]&lt;/chain&gt;" dest="6">
                    <expression clear="yes">(.+)</expression>
                </RegExp>
                <!-- FILMWEB RATING !-->
                <RegExp input="$$1" output="&lt;rating&gt;\1.\2&lt;/rating&gt;" dest="6">
                    <expression>ratingValue"&gt; ([0-9]*),([0-9]*)&lt;</expression>
                </RegExp>
                <expression noclean="1">(.+)</expression>
            </RegExp>
            
            <!-- VOTES !-->
            <RegExp input="$$6" output="\1" dest="5+">
                <!-- TMDB VOTES !-->
                <RegExp input="$$18" output="&lt;chain function=&quot;GetTMDBRatingByIdChain&quot;&gt;\1::$INFO[language]&lt;/chain&gt;" dest="6">
                    <expression clear="yes">(.+)</expression>
                </RegExp>
                <!-- FILMWEB VOTES !-->
                <RegExp input="$$1" output="&lt;votes&gt;\1&lt;/votes&gt;" dest="6">
                    <expression>data-count=&quot;(.*?)&quot; datarating-rate</expression>
                </RegExp>
                <expression noclean="1">(.+)</expression>
            </RegExp>
            
            <!-- OUTLINE !-->
            <RegExp input="$$6" output="\1" dest="5+">
                <RegExp input="$$1" output="&lt;outline&gt;\1&lt;/outline&gt;" dest="6">
                    <expression fixchars="1" clear="yes">filmPosterSection__plot clamped&quot;&gt;&lt;span itemprop=&quot;description&quot;&gt;([^&lt;]+)&lt;</expression>
                </RegExp>
                <expression noclean="1">(.+)</expression>
            </RegExp>
            
           <!-- COUNTRY !-->
            <RegExp input="$$6" output="\1" dest="5+">
                <!-- TMDB COUNTRY !-->
                <RegExp input="$$18" output="&lt;chain function=&quot;GetTMDBCountryByIdChain&quot;&gt;\1::$INFO[language]&lt;/chain&gt;" dest="6">
                    <expression clear="yes">(.+)</expression>
                </RegExp>
                <!-- FILMWEB COUNTRY !-->
                <RegExp input="$$1" output="&lt;country&gt;\1&lt;/country&gt;" dest="6">
                    <expression repeat="yes" fixchars="1">sasKeywordAdd\(&quot;c&quot;,&quot;([^&quot;]+)&quot;</expression>
                </RegExp>
                <expression noclean="1">(.+)</expression>
            </RegExp>
            
            <!-- STUDIO !-->
            <RegExp input="$$6" output="\1" dest="5+">
                <!-- TMDB STUDIO !-->
                <RegExp input="$$18" output="&lt;chain function=&quot;GetTMDBStudioByIdChain&quot;&gt;\1::$INFO[language]&lt;/chain&gt;" dest="6">    
                    <expression clear="yes">(.+)</expression>
                </RegExp>
                <!-- FILMWEB STUDIO !--> 
                <RegExp input="$$1" conditional="!GetAlwaysTMDbStudio" output="&lt;studio&gt;\1&lt;/studio&gt;" dest="6">
                    <expression repeat="yes" fixchars="1">sasKeywordAdd\(&quot;s&quot;,&quot;([^&quot;]+)&quot;</expression>
                </RegExp>
                <expression noclean="1">(.+)</expression>
            </RegExp>
            
            <!-- PLOT !-->
            <RegExp input="$$6" output="\1" dest="5+">
                <!-- TMDB PLOT !-->
                <RegExp input="$$18" output="&lt;chain function=&quot;GetTMDBPlotByIdChain&quot;&gt;\1::$INFO[language]&lt;/chain&gt;" dest="6">
                    <expression clear="yes">(.+)</expression>
                </RegExp>
                <!-- FILMWEB PLOT !-->
                <RegExp input="$$1" output="&lt;plot&gt;\1&lt;/plot&gt;" dest="6">
                    <expression fixchars="1">descriptionSection__text&quot;&gt;([^&lt;]+)&lt;</expression>
                </RegExp>
                <RegExp input="$$1" output="&lt;plot&gt;\1&lt;/plot&gt;" dest="6">
                    <expression fixchars="1">descriptionSection__moreText hide&quot;&gt;([^&lt;]+)&lt;</expression>
                </RegExp>
                <expression noclean="1">(.+)</expression>
            </RegExp>
            
            <!-- ACTORS !-->
            <RegExp input="$$6" output="\1" dest="5+">
                <!-- TMDB ACTORS  !-->
                <RegExp input="$$18" output="&lt;chain function=&quot;GetTMDBCastByIdChain&quot;&gt;\1&lt;/chain&gt;" dest="6">
                    <expression clear="yes">(.+)</expression>
                </RegExp>
                <!-- FILMWEB ACTORS  !-->
                <RegExp input="$$7" conditional="!GetFullActors" output="&lt;actor&gt;&lt;thumb&gt;\23\3&lt;/thumb&gt;&lt;name&gt;\5\6&lt;/name&gt;&lt;role&gt;\7&lt;/role&gt;&lt;/actor&gt;" dest="6">
                    <RegExp input="$$1" output="\1" dest="7">
                        <expression noclean="1" clear="yes">filmMainCast&quot;&gt;Obsada(.*?)&lt;\/section&gt;</expression>
                    </RegExp>  
                    <expression repeat="yes" fixchars="5,6,7">(data-image=&quot;([^\.]+\.[^\.]+\.)\d([^&quot;]+)&quot;|data-image=&quot;&quot;).*?(simplePoster__title&quot; data-person-source&gt;([^&lt;]+)&lt;\/h3&gt;&lt;\/a&gt;&lt;\/div&gt;&lt;\/div&gt;|simplePoster__title&quot; data-person-source&gt;([^&lt;]+)&lt;.*?alternateName&quot;&gt;(.*?)&lt;div class)</expression>
                </RegExp>
                <RegExp input="" conditional="GetFullActors" output="&lt;url function=&quot;AKTORZY&quot;&gt;$$11/cast/actors&lt;/url&gt;" dest="6">
                    <expression/>
                </RegExp>
                <expression noclean="1">(.+)</expression>
            </RegExp>
            
            <!-- THUMB !-->
            <RegExp input="$$6" output="\1" dest="5+">
                <!-- TMDB THUMB !-->
                <RegExp input="$$18" output="&lt;chain function=&quot;GetTMDBThumbsByIdChain&quot;&gt;\1::$INFO[language]&lt;/chain&gt;" dest="6">
                    <expression clear="yes">(.+)</expression>
                </RegExp>
                <!-- FILMWEB THUMB !-->
                <RegExp input="$$1" output="&lt;thumb aspect=&quot;poster&quot; preview=&quot;\12.jpg&quot;&gt;\13.jpg&lt;/thumb&gt;" dest="7">
                    <expression clear="yes">&lt;img id=&quot;filmPoster&quot; itemprop=&quot;image&quot; content=&quot;([^\.]+\.[^\.]+\.)\d([^&quot;]+)&quot;</expression>
                </RegExp>
                <RegExp input="" conditional="GetAlwaysFilmwebThumb" output="&lt;url function=&quot;PLAKAT&quot;&gt;$$11/posters&lt;/url&gt;" dest="7+">
                    <expression/>
                </RegExp>
                <RegExp conditional="GetAlwaysTMDbThumb" input="$$7" output="\1" dest="6+">
                    <expression noclean="1">(.+)</expression>
                </RegExp>
                <RegExp conditional="!GetAlwaysTMDbThumb" input="$$7" output="\1" dest="6">
                    <expression noclean="1">(.+)</expression>
                </RegExp>
                <expression noclean="1">(.+)</expression>
            </RegExp>
            
            <!-- FANART !-->
            <RegExp input="$$6" output="\1" dest="5+">
                <!-- TMDB FANART !-->
                <RegExp input="$$18" output="&lt;chain function=&quot;GetTMDBFanartByIdChain&quot;&gt;\1::$INFO[language]&lt;/chain&gt;" dest="6">
                    <expression clear="yes">(.+)</expression>
                </RegExp>
                <!-- FILMWEB FANART !-->
                <RegExp input="" output="&lt;url function=&quot;FANART&quot;&gt;$$11/photos&lt;/url&gt;" dest="6+">
                    <expression/>
                </RegExp>
                <expression noclean="1">(.+)</expression>
            </RegExp> 
            
            <!-- SETS !-->
            <RegExp input="$$18" output="&lt;chain function=&quot;GetTMDBSetByIdChain&quot;&gt;\1::$INFO[language]&lt;/chain&gt;" dest="5+">
                <expression>(.+)</expression>
            </RegExp>
            
            <!-- MPAA !-->
            <RegExp input="$$18" output="&lt;chain function=&quot;GetTMDBCertificationsByIdChain&quot;&gt;\1::$INFO[tmdbcertcountry]::$INFO[certprefix]&lt;/chain&gt;" dest="5+">
                <expression>(.+)</expression>
            </RegExp>
            
            <expression noclean="1" />
        </RegExp>
    </GetDetailsExtended>
    
    <!-- Zapisuje IMDB ID !-->
    <TMDbIDtoIMDbID clearbuffers="no" dest="3">
        <RegExp input="$$1" output="&lt;details&gt;&lt;id&gt;\1&lt;/id&gt;&lt;/details&gt;" dest="3">
            <expression clear="yes">imdb_id&quot;:&quot;([t0-9]+)</expression>
        </RegExp>
    </TMDbIDtoIMDbID>
    
    <!-- Funkcja dodaje jeden fanart na końcu listy fanartów  !-->
    <FANART clearbuffers="no" dest="3">
        <RegExp input="$$1" output="&lt;details&gt;&lt;fanart&gt;&lt;thumb preview=&quot;\13\2&quot;&gt;\11\2&lt;/thumb&gt;&lt;/fanart&gt;&lt;/details&gt;" dest="3">
            <expression clear="yes">gallery__container&quot;.*?data-photo=&quot;([^\.]+\.[^\.]+\.)\d([^&quot;]+)&quot;</expression>
        </RegExp>
        <expression noclean="1">(.+)</expression>
    </FANART>
    
    <!-- Funkcja dodaje dodatkowe plakaty z Filmweb  !-->
    <PLAKAT clearbuffers="no" dest="3">
        <RegExp input="$$7" output="&lt;details&gt;\1&lt;/details&gt;" dest="3">
            <RegExp input="$$1" output="&lt;thumb aspect=&quot;poster&quot; preview=&quot;\12\2&quot;&gt;\13\2&lt;/thumb&gt;" dest="7">
                <expression repeat="yes">data-country=us.*?simplePoster__image&quot;.*?src=&quot;([^\.]+\.[^\.]+\.)\d([^&quot;]+)&quot;</expression>
            </RegExp>
            <RegExp input="$$1" output="&lt;thumb aspect=&quot;poster&quot; preview=&quot;\12\2&quot;&gt;\13\2&lt;/thumb&gt;" dest="7">
                <expression repeat="yes">data-country=pl.*?simplePoster__image&quot;.*?src=&quot;([^\.]+\.[^\.]+\.)\d([^&quot;]+)&quot;</expression>
            </RegExp>              
            <expression noclean="1">(.+)</expression>
        </RegExp>
    </PLAKAT>
    
    <!-- Funkcja pobiera pełną obsadę z Filmweb !-->
    <AKTORZY clearbuffers="no" dest="3">
        <RegExp input="$$7" output="&lt;details&gt;\1&lt;/details&gt;" dest="3">
            <RegExp input="$$1" output="&lt;actor&gt;&lt;thumb&gt;\21\3&lt;/thumb&gt;&lt;name&gt;\4&lt;/name&gt;&lt;role&gt;\5&lt;/role&gt;&lt;/actor&gt;" dest="7">
                <expression repeat="yes" clear="yes" trim="5" fixchars="4,5">(data-src=&quot;([^\.]+\.[^\.]+\.)\d([^&quot;]+)&quot; alt=&quot;&quot;|src=&quot;[^&quot;]+&quot; alt=&quot;&quot;)[^&lt;]+&lt;[^&lt;]+&lt;[^&lt;]+&lt;[^&lt;]+&lt;[^&lt;]+&lt;[^&gt;]+&gt;([^&lt;]+)&lt;\/a&gt; ([^\.]+?)&lt;\/div</expression>
            </RegExp>
            <expression noclean="1">(.+)</expression>
        </RegExp>
    </AKTORZY>
    
    <!-- Funkcja wyszukuje trailer !-->
    <TRAILER clearbuffers="no" dest="3">
        <RegExp input="$$6" output="&lt;details&gt;\1&lt;/details&gt;" dest="3">
            <RegExp input="$$4" output="&lt;trailer&gt;\1&lt;/trailer&gt;" dest="6">
                <RegExp input="$$1" output="\1" dest="5">
                    <expression noclean="1" clear="yes">&quot;video-pane&quot;(.*?)&quot;video-description&quot;</expression>
                </RegExp>
                <RegExp input="$$5" output="\1" dest="4">
                    <expression clear="yes">source src=&quot;?([^&quot;]+)&quot;?</expression>
                </RegExp>
                <RegExp input="$$5" output="\1" dest="4">
                    <expression>param name=&quot;?movie&quot;? value=&quot;?([^&quot;]+)&quot;?</expression>
                </RegExp>
                <RegExp input="$$5" output="\1" dest="4">
                    <expression>param name=&quot;?filename&quot;? value=&quot;?([^&quot;]+)&quot;?</expression>
                </RegExp>
                <RegExp input="$$5" output="\1" dest="4">
                    <expression>videoLink[^\]]+url[^quot;]+&quot;([^&quot;]+)&quot;[^quot;]+res[^quot;]+&quot;sd&quot;</expression>
                </RegExp>
                <RegExp input="$$5" output="\1" dest="4">
                    <expression>videoLink[^\]]+url[^quot;]+&quot;([^&quot;]+360p[^&quot;]+)&quot;[^quot;]+res[^quot;]+&quot;sd&quot;</expression>
                </RegExp>
                <RegExp input="$$5" output="\1" dest="4">
                    <expression>videoLink[^\]]+url[^quot;]+&quot;([^&quot;]+480p[^&quot;]+)&quot;[^quot;]+res[^quot;]+&quot;sd&quot;</expression>
                </RegExp>
                <RegExp input="$$5" output="\1" dest="4">
                    <expression>videoLink[^\]]+url[^quot;]+&quot;([^&quot;]+)&quot;[^quot;]+res[^quot;]+&quot;hd&quot;</expression>
                </RegExp>
                <RegExp input="$$5" output="\1" dest="4">
                    <expression>source src=&quot;([^&quot;]+)&quot; type=.video/quicktime</expression>
                </RegExp>
                <RegExp input="$$5" output="plugin://plugin.video.youtube/play/?play=1&amp;video_id=\1" dest="4">
                    <expression>&quot;http://www.youtube.com/v/([^&quot;]+)&quot;</expression>
                </RegExp>
                <expression noclean="1" clear="yes">(.+)</expression>
            </RegExp>
            <!-- TMDB TRAILER !-->
            <RegExp input="$$4" output="&lt;chain function=&quot;GetTMDBTrailerByIdChain&quot;&gt;$$18::$INFO[language]&lt;/chain&gt;" dest="6">
                <expression>^$</expression>
            </RegExp>
            <expression noclean="1" />
        </RegExp>
    </TRAILER>
</scraper>